{
  "experiment_date": "2025-11-27T13:42:10.765048",
  "total_runs": 10,
  "successful_runs": 10,
  "best_run_id": 4,
  "statistics": {
    "g": {
      "mean": 0.3107529736227795,
      "std": 3.1206817882969923e-10,
      "min": 0.310752973010461,
      "max": 0.31075297394891455,
      "best": 0.3107529737455676
    },
    "\u03a6": {
      "mean": 1.0716784675235596,
      "std": 8.613985445961775e-09,
      "min": 1.0716784466555838,
      "max": 1.0716784778493733,
      "best": 1.0716784617152113
    },
    "G": {
      "mean": -6.36653408071142e-08,
      "std": 2.8490767464216215e-07,
      "min": -7.792293591876604e-07,
      "max": 3.331467415394958e-07,
      "best": 1.2249853451838347e-07
    },
    "Q": {
      "mean": -9.619786510587446e-05,
      "std": 1.2313472489736544e-09,
      "min": -9.620030102704302e-05,
      "max": -9.619655736009479e-05,
      "best": -9.619658810026361e-05
    },
    "M": {
      "mean": -0.0189723140683637,
      "std": 5.795055567490691e-10,
      "min": -0.018972314815480736,
      "max": -0.01897231303294912,
      "best": -0.01897231446772738
    },
    "errors": {
      "total_error_mean": 0.0005713504018083333,
      "total_error_std": 1.5864215723162988e-18,
      "total_error_min": 0.0005713504018083321,
      "total_error_max": 0.0005713504018083368,
      "relative_error_mean": 0.017650022081857553,
      "relative_error_std": 4.0736716125499214e-10
    }
  }
}