{
  "run_id": 8,
  "timestamp": "2025-11-27T13:42:10.203540",
  "parameters": [
    0.310752973892549,
    1.0716784719246566,
    -6.485509198199578e-08,
    -9.61988165973269e-05,
    -0.01897231471062133
  ],
  "error": 0.0005713504018083328,
  "seed": 842,
  "initial_guess": [
    0.28,
    0.9,
    0.35,
    0.05,
    -0.08
  ],
  "predictions": {
    "fine_structure": 0.007297229577468247,
    "fermi_constant": 1.1749124554272734e-05,
    "weak_angle": 0.23321970993647284,
    "higgs_vev": 246.5907112335246,
    "up_quark_mass": 2.2124485707407584,
    "down_quark_mass": 4.691899081350338,
    "charm_quark_mass": 1267.0801822524666,
    "strange_quark_mass": 90.65165329608772,
    "top_quark_mass": 169133.9297586319,
    "bottom_quark_mass": 4060.5394123449914,
    "electron_mass": 0.5415082424327903,
    "muon_mass": 103.66696516727075,
    "tau_mass": 1776.7930973381926,
    "ckm_12": 0.23414682768189518,
    "ckm_23": 0.045313358658905574,
    "ckm_13": 0.0036592758999141675,
    "gravitational_constant": 6.674299999567137e-11,
    "planck_mass": 1.2209099998416355e+19,
    "cosmological_constant": 1.087476804274817e-122,
    "dark_matter_density": 0.26399873017562486,
    "baryon_ratio": 0.050598501499345104
  },
  "errors": {
    "fine_structure": 1.6854306323615804e-05,
    "fermi_constant": 0.007316453418836848,
    "weak_angle": 0.008648516289563325,
    "higgs_vev": 0.0015070740641347242,
    "up_quark_mass": 0.02428174571331401,
    "down_quark_mass": 0.0046893107816570355,
    "charm_quark_mass": 0.002299069092546018,
    "strange_quark_mass": 0.029425553575078048,
    "top_quark_mass": 0.01951345067459776,
    "bottom_quark_mass": 0.028579087955743675,
    "electron_mass": 0.05970520402368853,
    "muon_mass": 0.018847624167540527,
    "tau_mass": 3.765218520719816e-05,
    "ckm_12": 0.0439002571640445,
    "ckm_23": 0.0840516425575497,
    "ckm_13": 0.011006513536711525,
    "gravitational_constant": 6.48550892347201e-11,
    "planck_mass": 1.2971018928504149e-10,
    "cosmological_constant": 0.00048087842388143273,
    "dark_matter_density": 4.809940814960848e-06,
    "baryon_ratio": 0.026338772806188793
  },
  "mean_error": 0.017650022422475594,
  "max_error": 0.0840516425575497
}