{
  "run_id": 7,
  "timestamp": "2025-11-27T13:42:09.554933",
  "parameters": [
    0.310752973010461,
    1.071678472353509,
    -7.792293591876604e-07,
    -9.620030102704302e-05,
    -0.018972314265454225
  ],
  "error": 0.0005713504018083368,
  "seed": 742,
  "initial_guess": [
    0.35,
    0.7,
    0.5,
    -0.1,
    -0.15
  ],
  "predictions": {
    "fine_structure": 0.0072972295381293715,
    "fermi_constant": 1.1749124554129303e-05,
    "weak_angle": 0.2332197099363226,
    "higgs_vev": 246.5907112325371,
    "up_quark_mass": 2.2124485717474207,
    "down_quark_mass": 4.691899083352749,
    "charm_quark_mass": 1267.0801828049478,
    "strange_quark_mass": 90.65165333512151,
    "top_quark_mass": 169133.92983175302,
    "bottom_quark_mass": 4060.539414156482,
    "electron_mass": 0.5415082426738368,
    "muon_mass": 103.666965209863,
    "tau_mass": 1776.7930980766193,
    "ckm_12": 0.2341468276841973,
    "ckm_23": 0.045313358656963156,
    "ckm_13": 0.0036592758992020527,
    "gravitational_constant": 6.674299994799189e-11,
    "planck_mass": 1.2209099980972622e+19,
    "cosmological_constant": 1.0874767962027469e-122,
    "dark_matter_density": 0.26399873015603037,
    "baryon_ratio": 0.05059850149859771
  },
  "errors": {
    "fine_structure": 1.6859697165778533e-05,
    "fermi_constant": 0.007316453406539686,
    "weak_angle": 0.00864851628891355,
    "higgs_vev": 0.001507074060124143,
    "up_quark_mass": 0.024281746179361373,
    "down_quark_mass": 0.004689311210438766,
    "charm_quark_mass": 0.002299068657521454,
    "strange_quark_mass": 0.029425553157157353,
    "top_quark_mass": 0.019513450250707134,
    "bottom_quark_mass": 0.028579087522372714,
    "electron_mass": 0.0597052044954048,
    "muon_mass": 0.01884762376442768,
    "tau_mass": 3.765176962763283e-05,
    "ckm_12": 0.04390025717430812,
    "ckm_23": 0.08405164251108035,
    "ckm_13": 0.011006513729174992,
    "gravitational_constant": 7.792293144580073e-10,
    "planck_mass": 1.5584587050642553e-09,
    "cosmological_constant": 0.0004808858430635481,
    "dark_matter_density": 4.810015036524088e-06,
    "baryon_ratio": 0.02633877279102865
  },
  "mean_error": 0.017650023088625823,
  "max_error": 0.08405164251108035
}