{
  "run_id": 3,
  "timestamp": "2025-11-27T13:42:07.201113",
  "parameters": [
    0.3107529737943944,
    1.0716784778493733,
    4.601891872522394e-08,
    -9.619683279272158e-05,
    -0.01897231303294912
  ],
  "error": 0.0005713504018083329,
  "seed": 342,
  "initial_guess": [
    0.28,
    0.9,
    0.35,
    0.05,
    -0.08
  ],
  "predictions": {
    "fine_structure": 0.007297229573090802,
    "fermi_constant": 1.1749124554256774e-05,
    "weak_angle": 0.2332197099364561,
    "higgs_vev": 246.5907112334147,
    "up_quark_mass": 2.212448574753041,
    "down_quark_mass": 4.691899088029984,
    "charm_quark_mass": 1267.0801842182118,
    "strange_quark_mass": 90.65165342991652,
    "top_quark_mass": 169133.93001238012,
    "bottom_quark_mass": 4060.539419210737,
    "electron_mass": 0.541508243341054,
    "muon_mass": 103.6669652920507,
    "tau_mass": 1776.793099593169,
    "ckm_12": 0.23414682771369952,
    "ckm_23": 0.04531335863207057,
    "ckm_13": 0.003659275890076106,
    "gravitational_constant": 6.674300000307143e-11,
    "planck_mass": 1.22091000011237e+19,
    "cosmological_constant": 1.0874768150615268e-122,
    "dark_matter_density": 0.2639987302018111,
    "baryon_ratio": 0.05059850150494473
  },
  "errors": {
    "fine_structure": 1.685490619122713e-05,
    "fermi_constant": 0.007316453417468528,
    "weak_angle": 0.008648516289490942,
    "higgs_vev": 0.0015070740636884629,
    "up_quark_mass": 0.024281747570852205,
    "down_quark_mass": 0.004689312211987931,
    "charm_quark_mass": 0.0022990675447151195,
    "strange_quark_mass": 0.029425552142221457,
    "top_quark_mass": 0.019513449203593495,
    "bottom_quark_mass": 0.02857908631322083,
    "electron_mass": 0.05970520580111624,
    "muon_mass": 0.01884762298656496,
    "tau_mass": 3.765091612782227e-05,
    "ckm_12": 0.04390025730583825,
    "ckm_23": 0.0840516419155639,
    "ckm_13": 0.011006516195647027,
    "gravitational_constant": 4.601887743558174e-11,
    "planck_mass": 9.203796643487235e-11,
    "cosmological_constant": 0.0004808685096261657,
    "dark_matter_density": 4.809841624734109e-06,
    "baryon_ratio": 0.02633877291977145
  },
  "mean_error": 0.01765002191396988,
  "max_error": 0.0840516419155639
}