{
  "run_id": 2,
  "timestamp": "2025-11-27T13:42:06.562104",
  "parameters": [
    0.31075297394891455,
    1.0716784466555838,
    -2.9838824321671083e-07,
    -9.619934026155066e-05,
    -0.018972313467927996
  ],
  "error": 0.000571350401808336,
  "seed": 242,
  "initial_guess": [
    0.35,
    0.7,
    0.5,
    -0.1,
    -0.15
  ],
  "predictions": {
    "fine_structure": 0.007297229579982005,
    "fermi_constant": 1.1749124554281899e-05,
    "weak_angle": 0.23321970993648242,
    "higgs_vev": 246.59071123358768,
    "up_quark_mass": 2.212448572208435,
    "down_quark_mass": 4.691899092264089,
    "charm_quark_mass": 1267.0801845094622,
    "strange_quark_mass": 90.65165348659785,
    "top_quark_mass": 169133.9300967775,
    "bottom_quark_mass": 4060.5394171628545,
    "electron_mass": 0.541508243106613,
    "muon_mass": 103.66696550567715,
    "tau_mass": 1776.7931026421852,
    "ckm_12": 0.23414682754624896,
    "ckm_23": 0.04531335877335758,
    "ckm_13": 0.0036592759418737574,
    "gravitational_constant": 6.674299998008466e-11,
    "planck_mass": 1.2209099992713896e+19,
    "cosmological_constant": 1.0874768014273613e-122,
    "dark_matter_density": 0.26399873016871245,
    "baryon_ratio": 0.05059850148108256
  },
  "errors": {
    "fine_structure": 1.685396184835474e-05,
    "fermi_constant": 0.0073164534196226046,
    "weak_angle": 0.00864851628960474,
    "higgs_vev": 0.001507074064390984,
    "up_quark_mass": 0.024281746392793936,
    "down_quark_mass": 0.00468931311864864,
    "charm_quark_mass": 0.0022990673153840614,
    "strange_quark_mass": 0.02942555153535497,
    "top_quark_mass": 0.019513448714333304,
    "bottom_quark_mass": 0.02857908680314485,
    "electron_mass": 0.05970520534232682,
    "muon_mass": 0.018847620964704877,
    "tau_mass": 3.764920017035449e-05,
    "ckm_12": 0.04390025655929097,
    "ckm_23": 0.0840516452956359,
    "ckm_13": 0.011006502196281827,
    "gravitational_constant": 2.9838829052930504e-10,
    "planck_mass": 5.967765080145138e-10,
    "cosmological_constant": 0.0004808810410282725,
    "dark_matter_density": 4.809966998351321e-06,
    "baryon_ratio": 0.026338772435751792
  },
  "mean_error": 0.017650021691070498,
  "max_error": 0.0840516452956359
}