{
  "run_id": 5,
  "timestamp": "2025-11-27T13:42:08.382148",
  "parameters": [
    0.3107529735833103,
    1.0716784720881045,
    -4.1630609519913775e-08,
    -9.619680711349226e-05,
    -0.018972314458778387
  ],
  "error": 0.0005713504018083325,
  "seed": 542,
  "initial_guess": [
    0.3,
    0.8,
    0.4,
    0.0,
    -0.1
  ],
  "predictions": {
    "fine_structure": 0.007297229563676988,
    "fermi_constant": 1.1749124554222451e-05,
    "weak_angle": 0.23321970993642016,
    "higgs_vev": 246.5907112331784,
    "up_quark_mass": 2.2124485713062385,
    "down_quark_mass": 4.691899082499081,
    "charm_quark_mass": 1267.0801825671576,
    "strange_quark_mass": 90.6516533184141,
    "top_quark_mass": 169133.92980039938,
    "bottom_quark_mass": 4060.5394133690847,
    "electron_mass": 0.5415082425691595,
    "muon_mass": 103.66696519202293,
    "tau_mass": 1776.79309776564,
    "ckm_12": 0.2341468276827726,
    "ckm_23": 0.04531335865816526,
    "ckm_13": 0.00365927589964276,
    "gravitational_constant": 6.674299999722144e-11,
    "planck_mass": 1.2209099998983457e+19,
    "cosmological_constant": 1.087476815201155e-122,
    "dark_matter_density": 0.26399873020215003,
    "baryon_ratio": 0.05059850150088366
  },
  "errors": {
    "fine_structure": 1.685619622268124e-05,
    "fermi_constant": 0.00731645341452579,
    "weak_angle": 0.00864851628933549,
    "higgs_vev": 0.0015070740627287583,
    "up_quark_mass": 0.024281745975110354,
    "down_quark_mass": 0.004689311027640426,
    "charm_quark_mass": 0.0022990688447577677,
    "strange_quark_mass": 0.029425553336037476,
    "top_quark_mass": 0.01951345043246739,
    "bottom_quark_mass": 0.028579087710745278,
    "electron_mass": 0.05970520429055649,
    "muon_mass": 0.018847623933274358,
    "tau_mass": 3.765194464391473e-05,
    "ckm_12": 0.043900257167956265,
    "ckm_23": 0.08405164253983892,
    "ckm_13": 0.011006513610064893,
    "gravitational_constant": 4.163060360418178e-11,
    "planck_mass": 8.326111113841315e-11,
    "cosmological_constant": 0.0004808683812913924,
    "dark_matter_density": 4.809840340828467e-06,
    "baryon_ratio": 0.026338772837396787
  },
  "mean_error": 0.017650021998087,
  "max_error": 0.08405164253983892
}