{
  "run_id": 1,
  "timestamp": "2025-11-27T13:42:05.984488",
  "parameters": [
    0.310752973068277,
    1.0716784706069755,
    3.331467415394958e-07,
    -9.619655736009479e-05,
    -0.01897231377127085
  ],
  "error": 0.0005713504018083331,
  "seed": 142,
  "initial_guess": [
    0.25,
    1.0,
    0.3,
    0.1,
    -0.05
  ],
  "predictions": {
    "fine_structure": 0.007297229540707818,
    "fermi_constant": 1.1749124554138705e-05,
    "weak_angle": 0.23321970993633245,
    "higgs_vev": 246.59071123260185,
    "up_quark_mass": 2.2124485727521868,
    "down_quark_mass": 4.691899086022742,
    "charm_quark_mass": 1267.0801834782835,
    "strange_quark_mass": 90.65165338530139,
    "top_quark_mass": 169133.92992418073,
    "bottom_quark_mass": 4060.5394161473637,
    "electron_mass": 0.5415082429415029,
    "muon_mass": 103.66696527557913,
    "tau_mass": 1776.7930991686676,
    "ckm_12": 0.23414682767482178,
    "ckm_23": 0.045313358664873786,
    "ckm_13": 0.003659275902102192,
    "gravitational_constant": 6.674300002223522e-11,
    "planck_mass": 1.2209100008134844e+19,
    "cosmological_constant": 1.0874768165590414e-122,
    "dark_matter_density": 0.2639987302054468,
    "baryon_ratio": 0.05059850150001177
  },
  "errors": {
    "fine_structure": 1.6859343825836043e-05,
    "fermi_constant": 0.007316453407345777,
    "weak_angle": 0.008648516288956165,
    "higgs_vev": 0.0015070740603870978,
    "up_quark_mass": 0.02428174664453084,
    "down_quark_mass": 0.004689311782171767,
    "charm_quark_mass": 0.0022990681273358142,
    "strange_quark_mass": 0.029425552619899556,
    "top_quark_mass": 0.019513449714894313,
    "bottom_quark_mass": 0.028579087046085243,
    "electron_mass": 0.059705205019214315,
    "muon_mass": 0.0188476231424596,
    "tau_mass": 3.765115503320731e-05,
    "ckm_12": 0.04390025713250907,
    "ckm_23": 0.08405164270032989,
    "ckm_13": 0.011006512945353552,
    "gravitational_constant": 3.3314688171325425e-10,
    "planck_mass": 6.66293536460509e-10,
    "cosmological_constant": 0.00048086713323399594,
    "dark_matter_density": 4.809827853132405e-06,
    "baryon_ratio": 0.026338772819711472
  },
  "mean_error": 0.017650021995741477,
  "max_error": 0.08405164270032989
}