{
  "run_id": 9,
  "timestamp": "2025-11-27T13:42:10.764448",
  "parameters": [
    0.3107529736174847,
    1.0716784672328026,
    -1.0288719463573338e-07,
    -9.619753083722663e-05,
    -0.0189723143037148
  ],
  "error": 0.0005713504018083324,
  "seed": 942,
  "initial_guess": [
    0.32,
    0.85,
    0.45,
    -0.05,
    -0.12
  ],
  "predictions": {
    "fine_structure": 0.00729722956520108,
    "fermi_constant": 1.1749124554228006e-05,
    "weak_angle": 0.233219709936426,
    "higgs_vev": 246.5907112332167,
    "up_quark_mass": 2.2124485714030344,
    "down_quark_mass": 4.691899084203322,
    "charm_quark_mass": 1267.0801828947554,
    "strange_quark_mass": 90.65165334743081,
    "top_quark_mass": 169133.9298512134,
    "bottom_quark_mass": 4060.539413954891,
    "electron_mass": 0.5415082426532996,
    "muon_mass": 103.66696524836748,
    "tau_mass": 1776.793098636031,
    "ckm_12": 0.234146827656709,
    "ckm_23": 0.04531335868015653,
    "ckm_13": 0.0036592759077050457,
    "gravitational_constant": 6.6742999993133e-11,
    "planck_mass": 1.220909999748768e+19,
    "cosmological_constant": 1.0874768112659814e-122,
    "dark_matter_density": 0.26399873019259684,
    "baryon_ratio": 0.05059850149693343
  },
  "errors": {
    "fine_structure": 1.6855987367144974e-05,
    "fermi_constant": 0.007316453415002037,
    "weak_angle": 0.008648516289360699,
    "higgs_vev": 0.0015070740628842457,
    "up_quark_mass": 0.02428174601992327,
    "down_quark_mass": 0.004689311392574301,
    "charm_quark_mass": 0.0022990685868068085,
    "strange_quark_mass": 0.02942555302536613,
    "top_quark_mass": 0.019513450137893264,
    "bottom_quark_mass": 0.028579087570600195,
    "electron_mass": 0.05970520445521442,
    "muon_mass": 0.01884762340000336,
    "tau_mass": 3.7651454796106194e-05,
    "ckm_12": 0.043900257051756555,
    "ckm_23": 0.08405164306594586,
    "ckm_13": 0.011006511431068773,
    "gravitational_constant": 1.028871185214002e-10,
    "planck_mass": 2.0577442333996772e-10,
    "cosmological_constant": 0.00048087199817884704,
    "dark_matter_density": 4.809876527160176e-06,
    "baryon_ratio": 0.026338772757270437
  },
  "mean_error": 0.017650022013676245,
  "max_error": 0.08405164306594586
}