{
  "run_id": 6,
  "timestamp": "2025-11-27T13:42:08.943202",
  "parameters": [
    0.31075297386884315,
    1.0716784605847813,
    8.728606891292053e-08,
    -9.619743920341725e-05,
    -0.018972314815480736
  ],
  "error": 0.0005713504018083321,
  "seed": 642,
  "initial_guess": [
    0.25,
    1.0,
    0.3,
    0.1,
    -0.05
  ],
  "predictions": {
    "fine_structure": 0.007297229576411025,
    "fermi_constant": 1.174912455426888e-05,
    "weak_angle": 0.2332197099364688,
    "higgs_vev": 246.59071123349807,
    "up_quark_mass": 2.212448569933572,
    "down_quark_mass": 4.691899083139493,
    "charm_quark_mass": 1267.0801824258401,
    "strange_quark_mass": 90.65165332152196,
    "top_quark_mass": 169133.92979832238,
    "bottom_quark_mass": 4060.5394118168238,
    "electron_mass": 0.5415082423764093,
    "muon_mass": 103.66696525045253,
    "tau_mass": 1776.7930985412486,
    "ckm_12": 0.2341468276210219,
    "ckm_23": 0.04531335871026763,
    "ckm_13": 0.0036592759187441624,
    "gravitational_constant": 6.674300000582574e-11,
    "planck_mass": 1.2209100002131368e+19,
    "cosmological_constant": 1.087476811764233e-122,
    "dark_matter_density": 0.26399873019380643,
    "baryon_ratio": 0.05059850149229117
  },
  "errors": {
    "fine_structure": 1.6854451201091333e-05,
    "fermi_constant": 0.007316453418506424,
    "weak_angle": 0.008648516289545799,
    "higgs_vev": 0.0015070740640270258,
    "up_quark_mass": 0.024281745339616637,
    "down_quark_mass": 0.004689311164773653,
    "charm_quark_mass": 0.0022990689560314008,
    "strange_quark_mass": 0.029425553302762773,
    "top_quark_mass": 0.01951345044450794,
    "bottom_quark_mass": 0.02857908808209958,
    "electron_mass": 0.05970520391335364,
    "muon_mass": 0.01884762338026939,
    "tau_mass": 3.7651508138692686e-05,
    "ckm_12": 0.04390025689265226,
    "ckm_23": 0.08405164378630696,
    "ckm_13": 0.011006508447523726,
    "gravitational_constant": 8.728619602552292e-11,
    "planck_mass": 1.7457207623821575e-10,
    "cosmological_constant": 0.00048087154022703684,
    "dark_matter_density": 4.8098719453875045e-06,
    "baryon_ratio": 0.026338772663106972
  },
  "mean_error": 0.01765002179897403,
  "max_error": 0.08405164378630696
}