{
  "run_id": 4,
  "timestamp": "2025-11-27T13:42:07.779386",
  "parameters": [
    0.3107529737455676,
    1.0716784617152113,
    1.2249853451838347e-07,
    -9.619658810026361e-05,
    -0.01897231446772738
  ],
  "error": 0.0005713504018083324,
  "seed": 442,
  "initial_guess": [
    0.32,
    0.85,
    0.45,
    -0.05,
    -0.12
  ],
  "predictions": {
    "fine_structure": 0.007297229570913251,
    "fermi_constant": 1.1749124554248834e-05,
    "weak_angle": 0.2332197099364478,
    "higgs_vev": 246.59071123336003,
    "up_quark_mass": 2.212448570760297,
    "down_quark_mass": 4.691899084543716,
    "charm_quark_mass": 1267.0801828359438,
    "strange_quark_mass": 90.65165334956335,
    "top_quark_mass": 169133.92985141472,
    "bottom_quark_mass": 4060.5394132390957,
    "electron_mass": 0.5415082425646806,
    "muon_mass": 103.66696527712733,
    "tau_mass": 1776.793099020633,
    "ckm_12": 0.23414682762709016,
    "ckm_23": 0.045313358705147536,
    "ckm_13": 0.00365927591686707,
    "gravitational_constant": 6.674300000817591e-11,
    "planck_mass": 1.2209100002991194e+19,
    "cosmological_constant": 1.0874768163919997e-122,
    "dark_matter_density": 0.263998730205041,
    "baryon_ratio": 0.050598501493694194
  },
  "errors": {
    "fine_structure": 1.6855204594059366e-05,
    "fermi_constant": 0.007316453416787781,
    "weak_angle": 0.008648516289455049,
    "higgs_vev": 0.001507074063466371,
    "up_quark_mass": 0.02428174572235965,
    "down_quark_mass": 0.0046893114654638895,
    "charm_quark_mass": 0.0022990686331151276,
    "strange_quark_mass": 0.02942555300253382,
    "top_quark_mass": 0.019513450136726243,
    "bottom_quark_mass": 0.028579087741843142,
    "electron_mass": 0.05970520428179136,
    "muon_mass": 0.0188476231278067,
    "tau_mass": 3.7651238345672696e-05,
    "ckm_12": 0.04390025691970646,
    "ckm_23": 0.08405164366381672,
    "ckm_13": 0.011006508954845952,
    "gravitational_constant": 1.2249850617981634e-10,
    "planck_mass": 2.4499710150625354e-10,
    "cosmological_constant": 0.00048086728676500335,
    "dark_matter_density": 4.809829390202539e-06,
    "baryon_ratio": 0.026338772691565867
  },
  "mean_error": 0.017650021620851174,
  "max_error": 0.08405164366381672
}