{
  "run_id": 0,
  "timestamp": "2025-11-27T13:42:05.375570",
  "parameters": [
    0.310752973697993,
    1.0716784742245986,
    6.138682677484845e-08,
    -9.619843776560786e-05,
    -0.01897231338971222
  ],
  "error": 0.0005713504018083322,
  "seed": 42,
  "initial_guess": [
    0.3,
    0.8,
    0.4,
    0.0,
    -0.1
  ],
  "predictions": {
    "fine_structure": 0.007297229568791544,
    "fermi_constant": 1.1749124554241098e-05,
    "weak_angle": 0.2332197099364397,
    "higgs_vev": 246.5907112333068,
    "up_quark_mass": 2.2124485737798616,
    "down_quark_mass": 4.691899087085251,
    "charm_quark_mass": 1267.0801838640532,
    "strange_quark_mass": 90.65165340874385,
    "top_quark_mass": 169133.92997039543,
    "bottom_quark_mass": 4060.5394177293592,
    "electron_mass": 0.5415082431479921,
    "muon_mass": 103.6669652851298,
    "tau_mass": 1776.7930994033845,
    "ckm_12": 0.23414682769424144,
    "ckm_23": 0.04531335864848837,
    "ckm_13": 0.0036592758960950866,
    "gravitational_constant": 6.674300000409714e-11,
    "planck_mass": 1.2209100001498956e+19,
    "cosmological_constant": 1.0874768063346711e-122,
    "dark_matter_density": 0.2639987301806254,
    "baryon_ratio": 0.05059850150124181
  },
  "errors": {
    "fine_structure": 1.6855495344342235e-05,
    "fermi_constant": 0.007316453416124463,
    "weak_angle": 0.008648516289419999,
    "higgs_vev": 0.0015070740632501661,
    "up_quark_mass": 0.024281747120306226,
    "down_quark_mass": 0.004689312009689796,
    "charm_quark_mass": 0.00229906782358016,
    "strange_quark_mass": 0.029425552368909542,
    "top_quark_mass": 0.01951344944698301,
    "bottom_quark_mass": 0.02857908666761741,
    "electron_mass": 0.05970520542330352,
    "muon_mass": 0.01884762305206757,
    "tau_mass": 3.765102293673619e-05,
    "ckm_12": 0.04390025721908803,
    "ckm_23": 0.08405164230833434,
    "ckm_13": 0.011006514568895552,
    "gravitational_constant": 6.138684051134631e-11,
    "planck_mass": 1.227736504738269e-10,
    "cosmological_constant": 0.00048087653063316386,
    "dark_matter_density": 4.809921873462647e-06,
    "baryon_ratio": 0.02633877284466151
  },
  "mean_error": 0.017650022275103785,
  "max_error": 0.08405164230833434
}