{
  "run_id": 5,
  "timestamp": "2025-11-27T14:40:12.613305",
  "strategy": {
    "method": "de",
    "strategy": "best2bin",
    "mutation": [
      0.3,
      0.7
    ]
  },
  "parameters": [
    0.2961854795767782,
    0.8450557284431268,
    0.002682316237714903,
    0.047415541149730324,
    -0.17217422262296267,
    -0.899164021836363,
    1.4781635994442024
  ],
  "error": 0.00015454323415820827,
  "predictions": {
    "fine_structure": 0.00729741961613008,
    "fermi_constant": 1.1662549800503884e-05,
    "weak_angle": 0.23158298049876913,
    "higgs_vev": 246.47039668972266,
    "up_quark_mass": 2.1679089340665945,
    "down_quark_mass": 4.776234441136634,
    "charm_quark_mass": 1258.479473072347,
    "strange_quark_mass": 91.60914900958142,
    "top_quark_mass": 169503.4546150535,
    "bottom_quark_mass": 4026.4977688514873,
    "electron_mass": 0.5286192292096605,
    "muon_mass": 106.48813159702159,
    "tau_mass": 1795.604097956982,
    "ckm_12": 0.22369347154702274,
    "ckm_23": 0.04168848079033823,
    "ckm_13": 0.0037152194611836716,
    "gravitational_constant": 6.673717773540172e-11,
    "planck_mass": 1.221277490677475e+19,
    "cosmological_constant": 1.0872797092276524e-122,
    "dark_matter_density": 0.2643883936981755,
    "baryon_ratio": 0.05046517800827985
  },
  "errors": {
    "fine_structure": 9.18783156525884e-06,
    "fermi_constant": 0.00010607185265949224,
    "weak_angle": 0.0015698490561764642,
    "higgs_vev": 0.00101842683923453,
    "up_quark_mass": 0.0036615435493492217,
    "down_quark_mass": 0.022748274333326445,
    "charm_quark_mass": 0.00907128104539607,
    "strange_quark_mass": 0.019173993473432446,
    "top_quark_mass": 0.017371277593892825,
    "bottom_quark_mass": 0.03672302180586428,
    "electron_mass": 0.034482034149268814,
    "muon_mass": 0.007853207102117577,
    "tau_mass": 0.010549001022580372,
    "ckm_12": 0.0027040947524621575,
    "ckm_23": 0.002667923676118769,
    "ckm_13": 0.004113367887478772,
    "gravitational_constant": 8.723408594573614e-05,
    "planck_mass": 0.00030099735236415327,
    "cosmological_constant": 0.0006620319598782993,
    "dark_matter_density": 0.0014711882506647888,
    "baryon_ratio": 0.023634442358617686
  },
  "mean_error": 0.009522783332304484,
  "max_error": 0.03672302180586428
}