{
  "run_id": 7,
  "timestamp": "2025-11-27T14:40:32.465127",
  "strategy": {
    "method": "de",
    "strategy": "rand2bin",
    "mutation": [
      0.5,
      0.9
    ]
  },
  "parameters": [
    0.29618543472507475,
    0.8450532822131245,
    0.004633169280237491,
    0.04741775350423684,
    -0.1721751037478739,
    -0.8991540059854914,
    1.4781663578567152
  ],
  "error": 0.00015454338840143763,
  "predictions": {
    "fine_structure": 0.007297413621474674,
    "fermi_constant": 1.166255095290762e-05,
    "weak_angle": 0.23158297551463067,
    "higgs_vev": 246.4703978188316,
    "up_quark_mass": 2.1679076618806,
    "down_quark_mass": 4.7762320928549995,
    "charm_quark_mass": 1258.478787841375,
    "strange_quark_mass": 91.60910367303732,
    "top_quark_mass": 169503.36647011669,
    "bottom_quark_mass": 4026.4955615161684,
    "electron_mass": 0.5286189872991864,
    "muon_mass": 106.48808965382563,
    "tau_mass": 1795.6033188575273,
    "ckm_12": 0.2236935563160971,
    "ckm_23": 0.04168848970748178,
    "ckm_13": 0.0037152164455747172,
    "gravitational_constant": 6.673730800803512e-11,
    "planck_mass": 1.221282254983006e+19,
    "cosmological_constant": 1.0872770085143088e-122,
    "dark_matter_density": 0.2643884255178654,
    "baryon_ratio": 0.05046517782036195
  },
  "errors": {
    "fine_structure": 8.366347972448354e-06,
    "fermi_constant": 0.0001059730508093164,
    "weak_angle": 0.001569827500348841,
    "higgs_vev": 0.0010184314250138687,
    "up_quark_mass": 0.003660954574351848,
    "down_quark_mass": 0.02274777148929327,
    "charm_quark_mass": 0.00907182059734258,
    "strange_quark_mass": 0.019174478875403436,
    "top_quark_mass": 0.01737178857903371,
    "bottom_quark_mass": 0.03672354987651473,
    "electron_mass": 0.0344815607422766,
    "muon_mass": 0.007852810132202362,
    "tau_mass": 0.010548562552777009,
    "ckm_12": 0.00270371682524695,
    "ckm_23": 0.002667710347325841,
    "ckm_13": 0.00411255285803164,
    "gravitational_constant": 8.528223131824833e-05,
    "planck_mass": 0.00030489961013178957,
    "cosmological_constant": 0.0006645142331721201,
    "dark_matter_density": 0.0014713087797931334,
    "baryon_ratio": 0.023634438546895647
  },
  "mean_error": 0.009522872341678828,
  "max_error": 0.03672354987651473
}