{
  "run_id": 2,
  "timestamp": "2025-11-27T14:40:02.564560",
  "strategy": {
    "method": "de",
    "strategy": "rand1bin",
    "mutation": [
      0.7,
      1.0
    ]
  },
  "parameters": [
    0.2961850214694553,
    0.845081411514139,
    0.0036132286228867643,
    0.04741576956305211,
    -0.17217000600703572,
    -0.899205160268041,
    1.4781227355390443
  ],
  "error": 0.00015454330210976292,
  "predictions": {
    "fine_structure": 0.007297411152152959,
    "fermi_constant": 1.1662544842466993e-05,
    "weak_angle": 0.23158306537396095,
    "higgs_vev": 246.47039129403353,
    "up_quark_mass": 2.167910145774272,
    "down_quark_mass": 4.776228822792529,
    "charm_quark_mass": 1258.4792304186658,
    "strange_quark_mass": 91.60904933822749,
    "top_quark_mass": 169503.34249302713,
    "bottom_quark_mass": 4026.496499671711,
    "electron_mass": 0.5286191170664873,
    "muon_mass": 106.48789683165914,
    "tau_mass": 1795.6015524912086,
    "ckm_12": 0.2236932984688959,
    "ckm_23": 0.04168843690662044,
    "ckm_13": 0.003715222209133394,
    "gravitational_constant": 6.67372395927168e-11,
    "planck_mass": 1.2212797538197252e+19,
    "cosmological_constant": 1.0872745490248311e-122,
    "dark_matter_density": 0.26438838585947755,
    "baryon_ratio": 0.050465201239316186
  },
  "errors": {
    "fine_structure": 8.027962004175433e-06,
    "fermi_constant": 0.00010649693217186572,
    "weak_angle": 0.0015702161316535823,
    "higgs_vev": 0.0010184049251048153,
    "up_quark_mass": 0.003662104525125958,
    "down_quark_mass": 0.02274707126178351,
    "charm_quark_mass": 0.009071472111286777,
    "strange_quark_mass": 0.019175060618549386,
    "top_quark_mass": 0.017371927576654327,
    "bottom_quark_mass": 0.03672332543738976,
    "electron_mass": 0.034481814690551636,
    "muon_mass": 0.00785098517353349,
    "tau_mass": 0.010547568458521618,
    "ckm_12": 0.0027048663892291235,
    "ckm_23": 0.0026689735258267015,
    "ckm_13": 0.004114110576592926,
    "gravitational_constant": 8.63072874039177e-05,
    "planck_mass": 0.0003028510043534819,
    "cosmological_constant": 0.0006667747933537613,
    "dark_matter_density": 0.0014711585586270294,
    "baryon_ratio": 0.023634913576393298
  },
  "mean_error": 0.009523068167433865,
  "max_error": 0.03672332543738976
}