{
  "run_id": 0,
  "timestamp": "2025-11-27T14:39:55.370537",
  "strategy": {
    "method": "de",
    "strategy": "best1bin",
    "mutation": [
      0.5,
      1.0
    ]
  },
  "parameters": [
    0.2961854321269002,
    0.8450519973542949,
    6.976563023545864e-05,
    0.04741352610385993,
    -0.17217551748047671,
    -0.8991539121730594,
    1.47817001169509
  ],
  "error": 0.00015454310035112413,
  "predictions": {
    "fine_structure": 0.00729741345313497,
    "fermi_constant": 1.1662550962939439e-05,
    "weak_angle": 0.2315829683538589,
    "higgs_vev": 246.47039782683677,
    "up_quark_mass": 2.167907469161731,
    "down_quark_mass": 4.776232247470516,
    "charm_quark_mass": 1258.4787351588332,
    "strange_quark_mass": 91.60910556054661,
    "top_quark_mass": 169503.36486869302,
    "bottom_quark_mass": 4026.495427414374,
    "electron_mass": 0.5286189512029774,
    "muon_mass": 106.48809860337514,
    "tau_mass": 1795.6033680032847,
    "ckm_12": 0.2236935429780555,
    "ckm_23": 0.04168848517747004,
    "ckm_13": 0.003715216504896163,
    "gravitational_constant": 6.673700343341143e-11,
    "planck_mass": 1.221271112864907e+19,
    "cosmological_constant": 1.087276974140979e-122,
    "dark_matter_density": 0.2643883697892372,
    "baryon_ratio": 0.05046517283232151
  },
  "errors": {
    "fine_structure": 8.343279372903903e-06,
    "fermi_constant": 0.00010597219072678367,
    "weak_angle": 0.00156979653083158,
    "higgs_vev": 0.0010184314575261955,
    "up_quark_mass": 0.0036608653526530944,
    "down_quark_mass": 0.022747804597540985,
    "charm_quark_mass": 0.009071862079658929,
    "strange_quark_mass": 0.019174458666524584,
    "top_quark_mass": 0.017371797862649134,
    "bottom_quark_mass": 0.03672358195828378,
    "electron_mass": 0.0344814901037571,
    "muon_mass": 0.007852894834901534,
    "tau_mass": 0.010548590211544402,
    "ckm_12": 0.0027037762904347147,
    "ckm_23": 0.002667818720812295,
    "ckm_13": 0.0041125688908548175,
    "gravitational_constant": 8.984562558715888e-05,
    "planck_mass": 0.00029577353359957673,
    "cosmological_constant": 0.0006645458263061348,
    "dark_matter_density": 0.0014710976865044511,
    "baryon_ratio": 0.023634337369604796
  },
  "mean_error": 0.009522650146174998,
  "max_error": 0.03672358195828378
}