{
  "run_id": 4,
  "timestamp": "2025-11-27T14:40:10.653515",
  "strategy": {
    "method": "de",
    "strategy": "best2bin",
    "mutation": [
      0.3,
      0.7
    ]
  },
  "parameters": [
    0.29618536163411885,
    0.8450611586522949,
    0.0024185891740674207,
    0.04741484701954348,
    -0.17217338218181694,
    -0.8991619205161689,
    1.4781535742102654
  ],
  "error": 0.00015454321675393545,
  "predictions": {
    "fine_structure": 0.007297412767988005,
    "fermi_constant": 1.1662550004304724e-05,
    "weak_angle": 0.23158300137607288,
    "higgs_vev": 246.47039679852188,
    "up_quark_mass": 2.1679090068450084,
    "down_quark_mass": 4.7762322844626475,
    "charm_quark_mass": 1258.4792500705767,
    "strange_quark_mass": 91.60910993394576,
    "top_quark_mass": 169503.40193850998,
    "bottom_quark_mass": 4026.496836414159,
    "electron_mass": 0.5286192129793044,
    "muon_mass": 106.48806033999836,
    "tau_mass": 1795.603300926632,
    "ckm_12": 0.22369355588952589,
    "ckm_23": 0.04168847730051014,
    "ckm_13": 0.003715214819403275,
    "gravitational_constant": 6.673716014749115e-11,
    "planck_mass": 1.2212768442554749e+19,
    "cosmological_constant": 1.0872787168149481e-122,
    "dark_matter_density": 0.26438838509785767,
    "baryon_ratio": 0.0504651822312006
  },
  "errors": {
    "fine_structure": 8.24938957412664e-06,
    "fermi_constant": 0.00010605437970323878,
    "weak_angle": 0.001569939348122433,
    "higgs_vev": 0.0010184272811132248,
    "up_quark_mass": 0.0036615772430593895,
    "down_quark_mass": 0.02274781251876821,
    "charm_quark_mass": 0.009071456637341217,
    "strange_quark_mass": 0.019174411842122544,
    "top_quark_mass": 0.017371582965159525,
    "bottom_quark_mass": 0.03672324487699542,
    "electron_mass": 0.03448200238725385,
    "muon_mass": 0.00785253269250666,
    "tau_mass": 0.010548552461438815,
    "ckm_12": 0.002703718727035727,
    "ckm_23": 0.002668007164829132,
    "ckm_13": 0.004112113352236425,
    "gravitational_constant": 8.74976028774239e-05,
    "planck_mass": 0.00030046789319023744,
    "cosmological_constant": 0.0006629441039080074,
    "dark_matter_density": 0.0014711556737032482,
    "baryon_ratio": 0.023634528016239373
  },
  "mean_error": 0.009522679836056107,
  "max_error": 0.03672324487699542
}