{
  "run_id": 6,
  "timestamp": "2025-11-27T14:40:22.658078",
  "strategy": {
    "method": "de",
    "strategy": "rand2bin",
    "mutation": [
      0.5,
      0.9
    ]
  },
  "parameters": [
    0.29618546519225464,
    0.8450485260614435,
    0.003026379708503234,
    0.04741542410668564,
    -0.1721761916424146,
    -0.8991492394099826,
    1.4781755369749239
  ],
  "error": 0.00015454325784522197,
  "predictions": {
    "fine_structure": 0.007297413437419928,
    "fermi_constant": 1.1662551519468112e-05,
    "weak_angle": 0.23158295716163776,
    "higgs_vev": 246.47039841732524,
    "up_quark_mass": 2.167907061142557,
    "down_quark_mass": 4.776232510042409,
    "charm_quark_mass": 1258.4786315264607,
    "strange_quark_mass": 91.60910950267973,
    "top_quark_mass": 169503.36209041465,
    "bottom_quark_mass": 4026.49517282817,
    "electron_mass": 0.528618902512338,
    "muon_mass": 106.488119257803,
    "tau_mass": 1795.6035175530208,
    "ckm_12": 0.2236935564328293,
    "ckm_23": 0.041688491099700055,
    "ckm_13": 0.003715216624639913,
    "gravitational_constant": 6.673720079789229e-11,
    "planck_mass": 1.2212783337334696e+19,
    "cosmological_constant": 1.0872772466730275e-122,
    "dark_matter_density": 0.2643883960537268,
    "baryon_ratio": 0.05046517144947802
  },
  "errors": {
    "fine_structure": 8.341125846525909e-06,
    "fermi_constant": 0.0001059244764918639,
    "weak_angle": 0.0015697481257579613,
    "higgs_vev": 0.0010184338557445863,
    "up_quark_mass": 0.0036606764548873525,
    "down_quark_mass": 0.022747860822785574,
    "charm_quark_mass": 0.00907194367995218,
    "strange_quark_mass": 0.019174416459531867,
    "top_quark_mass": 0.017371813968610712,
    "bottom_quark_mass": 0.036723642864074195,
    "electron_mass": 0.03448139481855195,
    "muon_mass": 0.007853090318013676,
    "tau_mass": 0.01054867437672122,
    "ckm_12": 0.0027037163048181513,
    "ckm_23": 0.002667677040668469,
    "ckm_13": 0.004112601254030513,
    "gravitational_constant": 8.688854423247502e-05,
    "planck_mass": 0.0003016878668121267,
    "cosmological_constant": 0.0006642953372909404,
    "dark_matter_density": 0.0014711971732076282,
    "baryon_ratio": 0.023634309320041052
  },
  "mean_error": 0.00952277781847957,
  "max_error": 0.036723642864074195
}