{
  "run_id": 3,
  "timestamp": "2025-11-27T14:40:08.824875",
  "strategy": {
    "method": "de",
    "strategy": "rand1bin",
    "mutation": [
      0.7,
      1.0
    ]
  },
  "parameters": [
    0.29618544895209614,
    0.8450540016750601,
    0.004262648454979069,
    0.04741717114785025,
    -0.17217475960583178,
    -0.8991540934491817,
    1.4781629327027668
  ],
  "error": 0.00015454335549302563,
  "predictions": {
    "fine_structure": 0.0072974143864741985,
    "fermi_constant": 1.1662550947684857e-05,
    "weak_angle": 0.2315829821112673,
    "higgs_vev": 246.47039782529973,
    "up_quark_mass": 2.167907713892333,
    "down_quark_mass": 4.776231821881754,
    "charm_quark_mass": 1258.4787851008155,
    "strange_quark_mass": 91.60909965641935,
    "top_quark_mass": 169503.3625774505,
    "bottom_quark_mass": 4026.4955451146625,
    "electron_mass": 0.5286189937114821,
    "muon_mass": 106.48808051057813,
    "tau_mass": 1795.6032333852718,
    "ckm_12": 0.2236935633935874,
    "ckm_23": 0.0416884980069689,
    "ckm_13": 0.0037152171968908316,
    "gravitational_constant": 6.673728327777991e-11,
    "planck_mass": 1.2212813494014837e+19,
    "cosmological_constant": 1.0872777892586582e-122,
    "dark_matter_density": 0.2643884178143468,
    "baryon_ratio": 0.050465177914055206
  },
  "errors": {
    "fine_structure": 8.471180446609573e-06,
    "fermi_constant": 0.00010597349858522323,
    "weak_angle": 0.0015698560300462106,
    "higgs_vev": 0.0010184314512836146,
    "up_quark_mass": 0.0036609786538577267,
    "down_quark_mass": 0.022747713465043673,
    "charm_quark_mass": 0.00907182275526342,
    "strange_quark_mass": 0.019174521879878583,
    "top_quark_mass": 0.017371811145214546,
    "bottom_quark_mass": 0.036723553800319976,
    "electron_mass": 0.034481573290826344,
    "muon_mass": 0.00785272359625536,
    "tau_mass": 0.010548514449800142,
    "ckm_12": 0.002703685271567555,
    "ckm_23": 0.0026675117950022685,
    "ckm_13": 0.004112755916440926,
    "gravitational_constant": 8.565276089001194e-05,
    "planck_mass": 0.0003041578834506013,
    "cosmological_constant": 0.0006637966372627018,
    "dark_matter_density": 0.0014712795997984334,
    "baryon_ratio": 0.02363444044736734
  },
  "mean_error": 0.009522820262314345,
  "max_error": 0.036723553800319976
}