{
  "run_id": 1,
  "timestamp": "2025-11-27T14:39:56.971375",
  "strategy": {
    "method": "de",
    "strategy": "best1bin",
    "mutation": [
      0.5,
      1.0
    ]
  },
  "parameters": [
    0.296185427080216,
    0.8450506685355316,
    0.004106771623935067,
    0.04741681984728113,
    -0.1721757526835154,
    -0.8991519316457858,
    1.4781724731173234
  ],
  "error": 0.00015454334214451713,
  "predictions": {
    "fine_structure": 0.0072974124646394915,
    "fermi_constant": 1.1662551192152279e-05,
    "weak_angle": 0.23158296356239155,
    "higgs_vev": 246.47039805461685,
    "up_quark_mass": 2.1679074416707054,
    "down_quark_mass": 4.776232638406234,
    "charm_quark_mass": 1258.478769040489,
    "strange_quark_mass": 91.6091124950581,
    "top_quark_mass": 169503.3737329593,
    "bottom_quark_mass": 4026.4955602240902,
    "electron_mass": 0.5286189648730862,
    "muon_mass": 106.48811299023555,
    "tau_mass": 1795.6035331662094,
    "ckm_12": 0.22369355027627252,
    "ckm_23": 0.04168848599735805,
    "ckm_13": 0.0037152162521924574,
    "gravitational_constant": 6.67372728885211e-11,
    "planck_mass": 1.2212809711079174e+19,
    "cosmological_constant": 1.0872764956540623e-122,
    "dark_matter_density": 0.26438841375141636,
    "baryon_ratio": 0.05046517464467149
  },
  "errors": {
    "fine_structure": 8.207819907461533e-06,
    "fermi_constant": 0.00010595253906135324,
    "weak_angle": 0.001569775808284508,
    "higgs_vev": 0.0010184323826354902,
    "up_quark_mass": 0.0036608526253264946,
    "down_quark_mass": 0.022747888309686076,
    "charm_quark_mass": 0.009071835401189809,
    "strange_quark_mass": 0.019174384421219555,
    "top_quark_mass": 0.01737174647559827,
    "bottom_quark_mass": 0.03672355018562434,
    "electron_mass": 0.03448151685549294,
    "muon_mass": 0.007853030998840098,
    "tau_mass": 0.010548683163676117,
    "ckm_12": 0.0027037437526860266,
    "ckm_23": 0.002667799106266728,
    "ckm_13": 0.004112500592556002,
    "gravitational_constant": 8.580842154067577e-05,
    "planck_mass": 0.0003038480378712718,
    "cosmological_constant": 0.000664985612075149,
    "dark_matter_density": 0.0014712642099104164,
    "baryon_ratio": 0.023634374131267642
  },
  "mean_error": 0.009522865754796021,
  "max_error": 0.03672355018562434
}