{
  "experiment_date": "2025-11-27T15:46:52.433668",
  "total_runs": 13,
  "best_run": 10,
  "best_strategy": {
    "method": "basinhopping",
    "niter": 50,
    "stepsize": 0.5
  },
  "statistics": {
    "g": {
      "mean": 0.21513649460184187,
      "std": 0.22424053857713752,
      "min": -0.3107554078734004,
      "max": 0.3107532005325202,
      "best": -0.31075295905394584
    },
    "\u03a6": {
      "mean": 4.77578808759054,
      "std": 9.029697295472204,
      "min": 1.0716775826377662,
      "max": 31.43153408552783,
      "best": 31.43153408552783
    },
    "G": {
      "mean": -0.04056579056138373,
      "std": 0.1328140906734667,
      "min": -0.5,
      "max": 2.6937266032176584e-05,
      "best": 1.808802042826226e-05
    },
    "Q": {
      "mean": 0.003771216331057324,
      "std": 0.01330873234421861,
      "min": -0.00010252661544491343,
      "max": 0.04987352609162888,
      "best": -3.7556184777649517e-06
    },
    "M": {
      "mean": -0.019628165146931244,
      "std": 0.001538507384655978,
      "min": -0.023237965938181587,
      "max": -0.018968329787683785,
      "best": -0.023237965938181587
    }
  },
  "strategy_comparison": {
    "de": {
      "mean_error": 0.0005713504018104742,
      "std_error": 3.1116075927004777e-15,
      "best_error": 0.0005713504018083316,
      "runs": 8
    },
    "dual_annealing": {
      "mean_error": 0.0005713504062146424,
      "std_error": 3.935528498141133e-12,
      "best_error": 0.000571350402279114,
      "runs": 2
    },
    "basinhopping": {
      "mean_error": 0.0001623236079065669,
      "std_error": 1.5361625297814156e-10,
      "best_error": 0.00016232345429031391,
      "runs": 2
    },
    "multistart": {
      "mean_error": 0.0005726420597901867,
      "std_error": 0.0,
      "best_error": 0.0005726420597901867,
      "runs": 1
    }
  }
}