{
  "run_id": 7,
  "timestamp": "2025-11-27T15:46:48.170261",
  "strategy": {
    "method": "de",
    "strategy": "rand2bin",
    "mutation": [
      0.5,
      0.9
    ],
    "maxiter": 800
  },
  "parameters": [
    0.31075297386194295,
    1.0716784623209252,
    -2.7584883403822213e-05,
    -9.619882846045745e-05,
    -0.01897231454764163
  ],
  "error": 0.0005713504018117434,
  "predictions": {
    "fine_structure": 0.007297229576103293,
    "fermi_constant": 1.1749124554267755e-05,
    "weak_angle": 0.23321970993646762,
    "higgs_vev": 246.5907112334903,
    "up_quark_mass": 2.2124485706142147,
    "down_quark_mass": 4.691899084046922,
    "charm_quark_mass": 1267.0801827183282,
    "strange_quark_mass": 90.65165334045268,
    "top_quark_mass": 169133.9298348311,
    "bottom_quark_mass": 4060.5394129200695,
    "electron_mass": 0.5415082425213849,
    "muon_mass": 103.66696526381912,
    "tau_mass": 1776.7930988044293,
    "ckm_12": 0.2341468276303417,
    "ckm_23": 0.04531335870240406,
    "ckm_13": 0.0036592759158612753,
    "gravitational_constant": 6.674299815890213e-11,
    "planck_mass": 1.22090993264268e+19,
    "cosmological_constant": 1.087476803382828e-122,
    "dark_matter_density": 0.26399873017546827,
    "baryon_ratio": 0.050598501492536786
  },
  "errors": {
    "fine_structure": 1.6854493371472364e-05,
    "fermi_constant": 0.007316453418409983,
    "weak_angle": 0.008648516289540758,
    "higgs_vev": 0.0015070740639955128,
    "up_quark_mass": 0.024281745654728976,
    "down_quark_mass": 0.004689311359083888,
    "charm_quark_mass": 0.002299068725725858,
    "strange_quark_mass": 0.029425553100078404,
    "top_quark_mass": 0.019513450232863196,
    "bottom_quark_mass": 0.028579087818165195,
    "electron_mass": 0.05970520419706379,
    "muon_mass": 0.018847623253761787,
    "tau_mass": 3.765136002307906e-05,
    "ckm_12": 0.043900256934202846,
    "ckm_23": 0.08405164359818325,
    "ckm_13": 0.011006509226682394,
    "gravitational_constant": 2.7584883340205877e-08,
    "planck_mass": 5.5169766802794635e-08,
    "cosmological_constant": 0.0004808792437242409,
    "dark_matter_density": 4.8099414081311425e-06,
    "baryon_ratio": 0.026338772668089042
  },
  "mean_error": 0.017650026111131045,
  "max_error": 0.08405164359818325
}