{
  "run_id": 3,
  "timestamp": "2025-11-27T15:46:43.534561",
  "strategy": {
    "method": "de",
    "strategy": "rand1bin",
    "mutation": [
      0.7,
      1.0
    ],
    "maxiter": 800
  },
  "parameters": [
    0.31075297314124184,
    1.0716784619712754,
    2.6060819001300582e-08,
    -9.619835770192285e-05,
    -0.018972312968684162
  ],
  "error": 0.0005713504018083333,
  "predictions": {
    "fine_structure": 0.007297229543961864,
    "fermi_constant": 1.1749124554150568e-05,
    "weak_angle": 0.2332197099363449,
    "higgs_vev": 246.59071123268353,
    "up_quark_mass": 2.212448574089841,
    "down_quark_mass": 4.691899091525566,
    "charm_quark_mass": 1267.0801847284365,
    "strange_quark_mass": 90.65165348466512,
    "top_quark_mass": 169133.93010365707,
    "bottom_quark_mass": 4060.5394193283314,
    "electron_mass": 0.5415082433764158,
    "muon_mass": 103.66696543040482,
    "tau_mass": 1776.7931016527496,
    "ckm_12": 0.23414682762846473,
    "ckm_23": 0.045313358703987734,
    "ckm_13": 0.0036592759164418725,
    "gravitational_constant": 6.674300000173936e-11,
    "planck_mass": 1.2209100000636359e+19,
    "cosmological_constant": 1.0874768067700114e-122,
    "dark_matter_density": 0.2639987301816823,
    "baryon_ratio": 0.05059850149262253
  },
  "errors": {
    "fine_structure": 1.685889790434506e-05,
    "fermi_constant": 0.007316453408362902,
    "weak_angle": 0.008648516289009943,
    "higgs_vev": 0.0015070740607188505,
    "up_quark_mass": 0.0242817472638153,
    "down_quark_mass": 0.004689312960506666,
    "charm_quark_mass": 0.0022990671429633804,
    "strange_quark_mass": 0.029425551556048042,
    "top_quark_mass": 0.019513448674451775,
    "bottom_quark_mass": 0.02857908628508818,
    "electron_mass": 0.0597052058703176,
    "muon_mass": 0.01884762167711731,
    "tau_mass": 3.764975701537778e-05,
    "ckm_12": 0.04390025692583472,
    "ckm_23": 0.08405164363607028,
    "ckm_13": 0.011006509069764232,
    "gravitational_constant": 2.6060664904828225e-11,
    "planck_mass": 5.212166793621151e-11,
    "cosmological_constant": 0.00048087613050423734,
    "dark_matter_density": 4.809917870141404e-06,
    "baryon_ratio": 0.02633877266982827
  },
  "mean_error": 0.017650022012922564,
  "max_error": 0.08405164363607028
}