{
  "run_id": 2,
  "timestamp": "2025-11-27T15:46:42.155497",
  "strategy": {
    "method": "de",
    "strategy": "rand1bin",
    "mutation": [
      0.7,
      1.0
    ],
    "maxiter": 800
  },
  "parameters": [
    0.3107529737061956,
    1.0716784673995123,
    -3.076063798686067e-05,
    -9.619626987724825e-05,
    -0.018972314959918923
  ],
  "error": 0.0005713504018125732,
  "predictions": {
    "fine_structure": 0.007297229569157358,
    "fermi_constant": 1.1749124554242432e-05,
    "weak_angle": 0.2332197099364411,
    "higgs_vev": 246.59071123331597,
    "up_quark_mass": 2.2124485699596725,
    "down_quark_mass": 4.691899081090942,
    "charm_quark_mass": 1267.0801820587901,
    "strange_quark_mass": 90.65165328743116,
    "top_quark_mass": 169133.92973938276,
    "bottom_quark_mass": 4060.5394112918525,
    "electron_mass": 0.5415082422979536,
    "muon_mass": 103.6669651789581,
    "tau_mass": 1776.793097449666,
    "ckm_12": 0.2341468276576039,
    "ckm_23": 0.04531335867940145,
    "ckm_13": 0.003659275907428222,
    "gravitational_constant": 6.674299794694273e-11,
    "planck_mass": 1.2209099248880589e+19,
    "cosmological_constant": 1.0874768170933278e-122,
    "dark_matter_density": 0.26399873020924153,
    "baryon_ratio": 0.05059850149794429
  },
  "errors": {
    "fine_structure": 1.6855445214634738e-05,
    "fermi_constant": 0.007316453416238914,
    "weak_angle": 0.008648516289425999,
    "higgs_vev": 0.0015070740632874508,
    "up_quark_mass": 0.024281745351700183,
    "down_quark_mass": 0.004689310726111841,
    "charm_quark_mass": 0.002299069245047154,
    "strange_quark_mass": 0.029425553667760666,
    "top_quark_mass": 0.01951345078618691,
    "bottom_quark_mass": 0.028579088207690787,
    "electron_mass": 0.05970520375981969,
    "muon_mass": 0.01884762405692603,
    "tau_mass": 3.7652122471048444e-05,
    "ckm_12": 0.04390025705574628,
    "ckm_23": 0.08405164304788165,
    "ckm_13": 0.01100651150588599,
    "gravitational_constant": 3.076063805304154e-08,
    "planck_mass": 6.152127603181234e-08,
    "cosmological_constant": 0.00048086664216194513,
    "dark_matter_density": 4.8098134791085485e-06,
    "baryon_ratio": 0.026338772777774657
  },
  "mean_error": 0.017650026202986904,
  "max_error": 0.08405164304788165
}