{
  "run_id": 10,
  "timestamp": "2025-11-27T15:46:50.393789",
  "strategy": {
    "method": "basinhopping",
    "niter": 50,
    "stepsize": 0.5
  },
  "parameters": [
    -0.31075295905394584,
    31.43153408552783,
    1.808802042826226e-05,
    -3.7556184777649517e-06,
    -0.023237965938181587
  ],
  "error": 0.00016232345429031391,
  "predictions": {
    "fine_structure": 0.00729722891570444,
    "fermi_constant": 1.1578449448140069e-05,
    "weak_angle": 0.2292202900660543,
    "higgs_vev": 245.8492887830868,
    "up_quark_mass": 2.112031535355448,
    "down_quark_mass": 4.790838604548367,
    "charm_quark_mass": 1241.6025700633268,
    "strange_quark_mass": 93.07880077616453,
    "top_quark_mass": 168616.55242325665,
    "bottom_quark_mass": 4124.780309667456,
    "electron_mass": 0.5189557494783644,
    "muon_mass": 110.41794579810306,
    "tau_mass": 1771.2233789160705,
    "ckm_12": 0.22447503156274407,
    "ckm_23": 0.041930457926512246,
    "ckm_13": 0.0037259770758531546,
    "gravitational_constant": 6.674300120724875e-11,
    "planck_mass": 1.22091004416769e+19,
    "cosmological_constant": 1.0879795692713419e-122,
    "dark_matter_density": 0.26399995042583607,
    "baryon_ratio": 0.04932307707485478
  },
  "errors": {
    "fine_structure": 1.6944991788177317e-05,
    "fermi_constant": 0.00731645321197403,
    "weak_angle": 0.008648516278633831,
    "higgs_vev": 0.0015041497782760417,
    "up_quark_mass": 0.022207622520626007,
    "down_quark_mass": 0.025875504185945808,
    "charm_quark_mass": 0.02236018105249861,
    "strange_quark_mass": 0.0034389638526282455,
    "top_quark_mass": 0.02251273957532375,
    "bottom_quark_mass": 0.013210452232666006,
    "electron_mass": 0.015571075907478206,
    "muon_mass": 0.04504679653294372,
    "tau_mass": 0.0031722370270755224,
    "ckm_12": 0.0007803457991264633,
    "ckm_23": 0.0031210030266088365,
    "ckm_13": 0.007020831311663359,
    "gravitational_constant": 1.8088020502847977e-08,
    "planck_mass": 3.617604085084077e-08,
    "cosmological_constant": 1.8778243251947565e-05,
    "dark_matter_density": 1.877809240173485e-07,
    "baryon_ratio": 0.0004680948246406772
  },
  "mean_error": 0.009632901542768312,
  "max_error": 0.04504679653294372
}