{
  "run_id": 11,
  "timestamp": "2025-11-27T15:46:51.642529",
  "strategy": {
    "method": "basinhopping",
    "niter": 50,
    "stepsize": 0.5
  },
  "parameters": [
    -0.3107554078734004,
    18.86508634969516,
    -0.026583460244628834,
    0.00012366776266998142,
    -0.023234600727616087
  ],
  "error": 0.00016232376152281987,
  "predictions": {
    "fine_structure": 0.007297338127139814,
    "fermi_constant": 1.1578449049956456e-05,
    "weak_angle": 0.22922028964915292,
    "higgs_vev": 245.84928604170713,
    "up_quark_mass": 2.1120305059582125,
    "down_quark_mass": 4.790855000670296,
    "charm_quark_mass": 1241.6029223875942,
    "strange_quark_mass": 93.07912277064466,
    "top_quark_mass": 168616.73034216117,
    "bottom_quark_mass": 4124.79463161506,
    "electron_mass": 0.5189548159620622,
    "muon_mass": 110.41863139927085,
    "tau_mass": 1771.2201041530425,
    "ckm_12": 0.22447416675024207,
    "ckm_23": 0.0419298135035285,
    "ckm_13": 0.0037258488086374377,
    "gravitational_constant": 6.674122574011288e-11,
    "planck_mass": 1.2208450879751053e+19,
    "cosmological_constant": 1.0879038886441674e-122,
    "dark_matter_density": 0.26400163241445895,
    "baryon_ratio": 0.04932315146229019
  },
  "errors": {
    "fine_structure": 1.97909363026377e-06,
    "fermi_constant": 0.007316487350424273,
    "weak_angle": 0.008648518081684497,
    "higgs_vev": 0.0015041609121549645,
    "up_quark_mass": 0.022208099093420197,
    "down_quark_mass": 0.025879015132825787,
    "charm_quark_mass": 0.02235990363181562,
    "strange_quark_mass": 0.0034355163742542457,
    "top_quark_mass": 0.022511708161384508,
    "bottom_quark_mass": 0.01320702592941146,
    "electron_mass": 0.015569249061631684,
    "muon_mass": 0.04505328538128189,
    "tau_mass": 0.0031740800327304435,
    "ckm_12": 0.0007764901927867423,
    "ckm_23": 0.003105586208815863,
    "ckm_13": 0.006986164496604752,
    "gravitational_constant": 2.658346024467678e-05,
    "planck_mass": 5.316692048936351e-05,
    "cosmological_constant": 8.83376432284721e-05,
    "dark_matter_density": 6.183388102048487e-06,
    "baryon_ratio": 0.00046960369756980267
  },
  "mean_error": 0.009637197344975788,
  "max_error": 0.04505328538128189
}