{
  "run_id": 9,
  "timestamp": "2025-11-27T15:46:49.149213",
  "strategy": {
    "method": "dual_annealing",
    "maxiter": 500,
    "timeout": 300
  },
  "parameters": [
    0.3107532005325202,
    1.071685050299315,
    -0.0006856536250995824,
    -0.00010252661544491343,
    -0.018974208746715144
  ],
  "error": 0.000571350410150171,
  "predictions": {
    "fine_structure": 0.007297239685035307,
    "fermi_constant": 1.1749124591125085e-05,
    "weak_angle": 0.23321970997506977,
    "higgs_vev": 246.59071148724138,
    "up_quark_mass": 2.2124447139583028,
    "down_quark_mass": 4.691888871418464,
    "charm_quark_mass": 1267.07760470547,
    "strange_quark_mass": 90.6514613298815,
    "top_quark_mass": 169133.57609999942,
    "bottom_quark_mass": 4060.5317809448957,
    "electron_mass": 0.5415072165639662,
    "muon_mass": 103.6667142579463,
    "tau_mass": 1776.7889260429686,
    "ckm_12": 0.2341468629948787,
    "ckm_23": 0.04531332886296201,
    "ckm_13": 0.0036592649764543616,
    "gravitational_constant": 6.67429542374201e-11,
    "planck_mass": 1.220908325757265e+19,
    "cosmological_constant": 1.087441886917496e-122,
    "dark_matter_density": 0.2639986466486809,
    "baryon_ratio": 0.05059850167676529
  },
  "errors": {
    "fine_structure": 1.546920577332692e-05,
    "fermi_constant": 0.007316456578389601,
    "weak_angle": 0.008648516456490628,
    "higgs_vev": 0.0015070750945837639,
    "up_quark_mass": 0.024279960165880847,
    "down_quark_mass": 0.004687124500741795,
    "charm_quark_mass": 0.0023010986571101624,
    "strange_quark_mass": 0.02942760888777844,
    "top_quark_mass": 0.019515500869568558,
    "bottom_quark_mass": 0.02858091364954649,
    "electron_mass": 0.05970319644846368,
    "muon_mass": 0.01884999889008985,
    "tau_mass": 3.9999750701423185e-05,
    "ckm_12": 0.043900414600439995,
    "ckm_23": 0.08405092973593327,
    "ckm_13": 0.011009465823145569,
    "gravitational_constant": 6.856536250120426e-07,
    "planck_mass": 1.3713072502471108e-06,
    "cosmological_constant": 0.0005129715831838314,
    "dark_matter_density": 5.126330754250666e-06,
    "baryon_ratio": 0.02633877640497546
  },
  "mean_error": 0.017652031456877434,
  "max_error": 0.08405092973593327
}