{
  "run_id": 5,
  "timestamp": "2025-11-27T15:46:44.339309",
  "strategy": {
    "method": "de",
    "strategy": "best2bin",
    "mutation": [
      0.3,
      0.7
    ],
    "maxiter": 800
  },
  "parameters": [
    0.3107529737004803,
    1.0716784738776397,
    4.681725229485634e-09,
    -9.619783740590711e-05,
    -0.01897231327799632
  ],
  "error": 0.0005713504018083316,
  "predictions": {
    "fine_structure": 0.007297229568902471,
    "fermi_constant": 1.1749124554241502e-05,
    "weak_angle": 0.23321970993644012,
    "higgs_vev": 246.59071123330958,
    "up_quark_mass": 2.2124485740094286,
    "down_quark_mass": 4.691899087679205,
    "charm_quark_mass": 1267.0801840149759,
    "strange_quark_mass": 90.6516534199401,
    "top_quark_mass": 169133.9299910474,
    "bottom_quark_mass": 4060.5394181798547,
    "electron_mass": 0.5415082432084993,
    "muon_mass": 103.66696529958871,
    "tau_mass": 1776.7930996443902,
    "ckm_12": 0.23414682769237896,
    "ckm_23": 0.045313358650059865,
    "ckm_13": 0.003659275896671216,
    "gravitational_constant": 6.674300000031247e-11,
    "planck_mass": 1.220910000011432e+19,
    "cosmological_constant": 1.0874768095990614e-122,
    "dark_matter_density": 0.2639987301885502,
    "baryon_ratio": 0.05059850150142123
  },
  "errors": {
    "fine_structure": 1.6855480143364673e-05,
    "fermi_constant": 0.007316453416159175,
    "weak_angle": 0.0086485162894218,
    "higgs_vev": 0.0015070740632614785,
    "up_quark_mass": 0.02428174722658726,
    "down_quark_mass": 0.004689312136874663,
    "charm_quark_mass": 0.002299067704743398,
    "strange_quark_mass": 0.029425552249035352,
    "top_quark_mass": 0.01951344932726149,
    "bottom_quark_mass": 0.028579086559843377,
    "electron_mass": 0.05970520554171329,
    "muon_mass": 0.018847622915221768,
    "tau_mass": 3.765088730104358e-05,
    "ckm_12": 0.04390025721078449,
    "ckm_23": 0.08405164234592986,
    "ckm_13": 0.011006514413184898,
    "gravitational_constant": 4.681845303462197e-12,
    "planck_mass": 9.363455127732593e-12,
    "cosmological_constant": 0.00048087353027446685,
    "dark_matter_density": 4.80989185538708e-06,
    "baryon_ratio": 0.026338772848300843
  },
  "mean_error": 0.017650022097711555,
  "max_error": 0.08405164234592986
}