{
  "run_id": 0,
  "timestamp": "2025-11-27T15:46:40.324633",
  "strategy": {
    "method": "de",
    "strategy": "best1bin",
    "mutation": [
      0.5,
      1.0
    ],
    "maxiter": 800
  },
  "parameters": [
    0.3107529673152676,
    1.071678667769827,
    -5.227326849931301e-07,
    -9.620013213814166e-05,
    -0.01897230898969697
  ],
  "error": 0.0005713504018086097,
  "predictions": {
    "fine_structure": 0.007297229284138287,
    "fermi_constant": 1.1749124553203247e-05,
    "weak_angle": 0.23321970993535268,
    "higgs_vev": 246.5907112261615,
    "up_quark_mass": 2.2124485933318265,
    "down_quark_mass": 4.691899068795872,
    "charm_quark_mass": 1267.080184212441,
    "strange_quark_mass": 90.65165321126979,
    "top_quark_mass": 169133.92973446348,
    "bottom_quark_mass": 4060.539437343229,
    "electron_mass": 0.5415082455237874,
    "muon_mass": 103.66696413601365,
    "tau_mass": 1776.79308350801,
    "ckm_12": 0.23414682873320625,
    "ckm_23": 0.04531335777185761,
    "ckm_13": 0.003659275574710988,
    "gravitational_constant": 6.674299996511125e-11,
    "planck_mass": 1.220909998723581e+19,
    "cosmological_constant": 1.0874767971214238e-122,
    "dark_matter_density": 0.2639987301582597,
    "baryon_ratio": 0.05059850163708179
  },
  "errors": {
    "fine_structure": 1.6894503087765946e-05,
    "fermi_constant": 0.007316453327143857,
    "weak_angle": 0.008648516284718764,
    "higgs_vev": 0.0015070740342301293,
    "up_quark_mass": 0.024281756172141844,
    "down_quark_mass": 0.004689308093334571,
    "charm_quark_mass": 0.0022990675492590125,
    "strange_quark_mass": 0.0294255544831929,
    "top_quark_mass": 0.019513450814704444,
    "bottom_quark_mass": 0.02857908197530404,
    "electron_mass": 0.05970521007261906,
    "muon_mass": 0.018847633927837372,
    "tau_mass": 3.7659968703097975e-05,
    "ckm_12": 0.04390026185112014,
    "ckm_23": 0.08405162133630657,
    "ckm_13": 0.01100660142946274,
    "gravitational_constant": 5.227326660185964e-10,
    "planck_mass": 1.0454653266825564e-09,
    "cosmological_constant": 0.0004808849986913538,
    "dark_matter_density": 4.810006592100476e-06,
    "baryon_ratio": 0.02633877560003632
  },
  "mean_error": 0.01765002942841353,
  "max_error": 0.08405162133630657
}