{
  "run_id": 8,
  "timestamp": "2025-11-27T15:46:48.661727",
  "strategy": {
    "method": "dual_annealing",
    "maxiter": 500,
    "timeout": 300
  },
  "parameters": [
    0.3107528301521054,
    1.0716864934514558,
    -7.313220080774432e-05,
    -9.553268525002527e-05,
    -0.018972434883274568
  ],
  "error": 0.000571350402279114,
  "predictions": {
    "fine_structure": 0.007297223167012605,
    "fermi_constant": 1.1749124530900078e-05,
    "weak_angle": 0.2332197099119924,
    "higgs_vev": 246.59071107261136,
    "up_quark_mass": 2.2124487117363234,
    "down_quark_mass": 4.691896903888542,
    "charm_quark_mass": 1267.0798133562025,
    "strange_quark_mass": 90.65161768680463,
    "top_quark_mass": 169133.86881194267,
    "bottom_quark_mass": 4060.538996813561,
    "electron_mass": 0.541508177073185,
    "muon_mass": 103.66688617928908,
    "tau_mass": 1776.7919010093476,
    "ckm_12": 0.23414687074172122,
    "ckm_23": 0.04531332232629953,
    "ckm_13": 0.003659262580087285,
    "gravitational_constant": 6.674299511893752e-11,
    "planck_mass": 1.2209098214243295e+19,
    "cosmological_constant": 1.0874804204766055e-122,
    "dark_matter_density": 0.2639987389685586,
    "baryon_ratio": 0.05059850765059279
  },
  "errors": {
    "fine_structure": 1.7732769517102118e-05,
    "fermi_constant": 0.00731645141497171,
    "weak_angle": 0.008648516183688204,
    "higgs_vev": 0.0015070734105994044,
    "up_quark_mass": 0.024281810989038546,
    "down_quark_mass": 0.0046888445157476895,
    "charm_quark_mass": 0.002299359562045259,
    "strange_quark_mass": 0.029425934830785636,
    "top_quark_mass": 0.019513803988738167,
    "bottom_quark_mass": 0.0285791873651768,
    "electron_mass": 0.05970507611813063,
    "muon_mass": 0.01884837174653784,
    "tau_mass": 3.832546776464561e-05,
    "ckm_12": 0.043900449138302364,
    "ckm_23": 0.08405077335644821,
    "ckm_13": 0.011010113489923017,
    "gravitational_constant": 7.313220075445887e-08,
    "planck_mass": 1.462644015339378e-07,
    "cosmological_constant": 0.00047755470900232483,
    "dark_matter_density": 4.776634247860567e-06,
    "baryon_ratio": 0.026338897577947107
  },
  "mean_error": 0.017650155841200704,
  "max_error": 0.08405077335644821
}