{
  "run_id": 13,
  "timestamp": "2025-11-27T15:46:52.433243",
  "strategy": {
    "method": "multistart",
    "n_restarts": 10
  },
  "parameters": [
    0.3107529732705567,
    1.071826114777421,
    -0.5,
    0.04987352609162888,
    -0.018968329787683785
  ],
  "error": 0.0005726420597901867,
  "predictions": {
    "fine_structure": 0.007297229549728976,
    "fermi_constant": 1.1749124554171597e-05,
    "weak_angle": 0.2332197099363669,
    "higgs_vev": 246.59071123282828,
    "up_quark_mass": 2.2124648750719587,
    "down_quark_mass": 4.691888076906279,
    "charm_quark_mass": 1267.0812433835722,
    "strange_quark_mass": 90.6515596676809,
    "top_quark_mass": 169133.85608325407,
    "bottom_quark_mass": 4060.5569303277193,
    "electron_mass": 0.5415103946442503,
    "muon_mass": 103.66615372730631,
    "tau_mass": 1776.7820869115494,
    "ckm_12": 0.234147620132207,
    "ckm_23": 0.04531268978232189,
    "ckm_13": 0.0036590307412403492,
    "gravitational_constant": 6.67096285e-11,
    "planck_mass": 1.21968909e+19,
    "cosmological_constant": 1.0873121994334461e-122,
    "dark_matter_density": 0.2646577852500331,
    "baryon_ratio": 0.050632341835570624
  },
  "errors": {
    "fine_structure": 1.6858107602443117e-05,
    "fermi_constant": 0.0073164534101657856,
    "weak_angle": 0.008648516289105134,
    "higgs_vev": 0.0015070740613067474,
    "up_quark_mass": 0.02428929401479561,
    "down_quark_mass": 0.004686954369652945,
    "charm_quark_mass": 0.002298233556242362,
    "strange_quark_mass": 0.02942655602054717,
    "top_quark_mass": 0.019513877778237286,
    "bottom_quark_mass": 0.02857489705078485,
    "electron_mass": 0.059709415796484686,
    "muon_mass": 0.018855304012780214,
    "tau_mass": 4.384874917015781e-05,
    "ckm_12": 0.04390379015696387,
    "ckm_23": 0.08403564072540418,
    "ckm_13": 0.011072772637743495,
    "gravitational_constant": 0.0004999999999999508,
    "planck_mass": 0.001,
    "cosmological_constant": 0.0006321696383767904,
    "dark_matter_density": 0.002491610795579817,
    "baryon_ratio": 0.02702518936248737
  },
  "mean_error": 0.01788325983492528,
  "max_error": 0.08403564072540418
}