{
  "run_id": 4,
  "timestamp": "2025-11-27T15:46:43.916863",
  "strategy": {
    "method": "de",
    "strategy": "best2bin",
    "mutation": [
      0.3,
      0.7
    ],
    "maxiter": 800
  },
  "parameters": [
    0.31075297187825757,
    1.071678453667975,
    8.721452146281784e-07,
    -9.620268504324908e-05,
    -0.018972315774259035
  ],
  "error": 0.000571350401808347,
  "predictions": {
    "fine_structure": 0.0072972294876359894,
    "fermi_constant": 1.1749124553945204e-05,
    "weak_angle": 0.23321970993612978,
    "higgs_vev": 246.59071123126967,
    "up_quark_mass": 2.2124485674614847,
    "down_quark_mass": 4.691899080032395,
    "charm_quark_mass": 1267.0801813977826,
    "strange_quark_mass": 90.65165325591886,
    "top_quark_mass": 169133.9296711875,
    "bottom_quark_mass": 4060.5394078612176,
    "electron_mass": 0.5415082418574676,
    "muon_mass": 103.66696520842646,
    "tau_mass": 1776.7930976851494,
    "ckm_12": 0.23414682758389202,
    "ckm_23": 0.04531335874159614,
    "ckm_13": 0.0036592759302296,
    "gravitational_constant": 6.674300005820959e-11,
    "planck_mass": 1.2209100021296216e+19,
    "cosmological_constant": 1.0874767832397686e-122,
    "dark_matter_density": 0.2639987301245613,
    "baryon_ratio": 0.05059850148367941
  },
  "errors": {
    "fine_structure": 1.68666165768342e-05,
    "fermi_constant": 0.007316453390755857,
    "weak_angle": 0.008648516288079635,
    "higgs_vev": 0.0015070740549765532,
    "up_quark_mass": 0.02428174419513172,
    "down_quark_mass": 0.004689310499442241,
    "charm_quark_mass": 0.0022990697655255487,
    "strange_quark_mass": 0.029425554005151462,
    "top_quark_mass": 0.0195134511815217,
    "bottom_quark_mass": 0.02857908902841685,
    "electron_mass": 0.059705202897810124,
    "muon_mass": 0.018847623778023695,
    "tau_mass": 3.7651989943211514e-05,
    "ckm_12": 0.04390025672711556,
    "ckm_23": 0.08405164453579282,
    "ckm_13": 0.011006505343351403,
    "gravitational_constant": 8.7214526631189e-10,
    "planck_mass": 1.744290411578249e-09,
    "cosmological_constant": 0.00048089775756568514,
    "dark_matter_density": 4.810134237469498e-06,
    "baryon_ratio": 0.0263387724884263
  },
  "mean_error": 0.01765002368068002,
  "max_error": 0.08405164453579282
}